Column1,Column2,Column3,Column5,Column6
1,Poster,0,,https://upload.wikimedia.org/wikipedia/commons/thumb/8/8e/1stOscars_1929.jpg/220px-1stOscars_1929.jpg
1,Date,1,,16 May 1929
1,Site,2,https://en.wikipedia.org/wiki/Hollywood_Roosevelt_Hotel,Hollywood Roosevelt Hotel
1,Site,2,https://en.wikipedia.org/wiki/Hollywood,Hollywood
1,Site,2,https://en.wikipedia.org/wiki/Los_Angeles,Los Angeles
1,Site,2,,"California, U.S."
1,Hosted by,3,https://en.wikipedia.org/wiki/Douglas_Fairbanks,Douglas Fairbanks
2,Date,0,,03 April 1930
2,Site,1,https://en.wikipedia.org/wiki/Ambassador_Hotel_(Los_Angeles),Ambassador Hotel (Los Angeles)
2,Hosted by,2,https://en.wikipedia.org/wiki/William_C._DeMille,William C. DeMille
3,Poster,0,,https://upload.wikimedia.org/wikipedia/commons/thumb/9/90/3rd_Oscars.jpg/220px-3rd_Oscars.jpg
3,Date,1,,05 November 1930
3,Site,2,https://en.wikipedia.org/wiki/Ambassador_Hotel_(Los_Angeles),The Ambassador Hotel
3,Site,2,"https://en.wikipedia.org/wiki/Los_Angeles,_California","Los Angeles, California"
3,Hosted by,3,https://en.wikipedia.org/wiki/Conrad_Nagel,Conrad Nagel
4,Poster,0,,https://upload.wikimedia.org/wikipedia/commons/thumb/f/f9/4_LARGE_MEM_iconic_banquet.jpg/220px-4_LARGE_MEM_iconic_banquet.jpg
4,Date,1,,10 November 1931
4,Site,2,https://en.wikipedia.org/wiki/Millennium_Biltmore_Hotel,Biltmore Hotel
4,Site,2,"https://en.wikipedia.org/wiki/Los_Angeles,_California","Los Angeles, California"
4,Hosted by,3,https://en.wikipedia.org/wiki/Lawrence_Grant,Lawrence Grant
5,Poster,0,,https://upload.wikimedia.org/wikipedia/commons/thumb/c/c6/Academyawards5.jpg/220px-Academyawards5.jpg
5,Date,1,,18 November 1932
5,Site,2,https://en.wikipedia.org/wiki/Ambassador_Hotel_(Los_Angeles),The Ambassador Hotel
5,Site,2,"https://en.wikipedia.org/wiki/Los_Angeles,_California","Los Angeles, California"
5,Hosted by,3,https://en.wikipedia.org/wiki/Conrad_Nagel,Conrad Nagel
6,Date,0,,16 March 1934
6,Site,1,https://en.wikipedia.org/wiki/Ambassador_Hotel_(Los_Angeles),The Ambassador Hotel
6,Hosted by,2,https://en.wikipedia.org/wiki/Will_Rogers,Will Rogers
7,Date,0,,27 February 1935
7,Site,1,https://en.wikipedia.org/wiki/Biltmore_Hotel,Biltmore Hotel
7,Site,1,,in
7,Site,1,"https://en.wikipedia.org/wiki/Los_Angeles,_California","Los Angeles, California"
7,Hosted by,2,https://en.wikipedia.org/wiki/Irvin_S._Cobb,Irvin S. Cobb
8,Date,0,,05 March 1936
8,Site,1,https://en.wikipedia.org/wiki/Millennium_Biltmore_Hotel,Biltmore Hotel
8,Hosted by,2,https://en.wikipedia.org/wiki/Frank_Capra,Frank Capra
9,Date,0,,04 March 1937
9,Site,1,https://en.wikipedia.org/wiki/Millennium_Biltmore_Hotel,Biltmore Hotel
9,Hosted by,2,https://en.wikipedia.org/wiki/George_Jessel_(actor),George Jessel
10,Date,0,,10 March 1938
10,Site,1,https://en.wikipedia.org/wiki/Millennium_Biltmore_Hotel,Biltmore Hotel
10,Hosted by,2,https://en.wikipedia.org/wiki/Bob_Burns_(comedian),Bob Burns
11,Date,0,,23 February 1939
11,Site,1,https://en.wikipedia.org/wiki/Millennium_Biltmore_Hotel,Biltmore Hotel
11,Hosted by,2,,No official host
12,Date,0,,29 February 1940
12,Site,1,,Coconut Grove
12,Site,1,https://en.wikipedia.org/wiki/Ambassador_Hotel_(Los_Angeles),The Ambassador Hotel
12,Site,1,,Los Angeles
12,Hosted by,2,https://en.wikipedia.org/wiki/Bob_Hope,Bob Hope
13,Poster,0,,https://upload.wikimedia.org/wikipedia/en/thumb/e/e6/13th_Academy_Awards_poster.jpg/220px-13th_Academy_Awards_poster.jpg
13,Date,1,,27 February 1941
13,Site,2,,Biltmore Bowl
13,Site,2,https://en.wikipedia.org/wiki/Millennium_Biltmore_Hotel,Biltmore Hotel
13,Site,2,https://en.wikipedia.org/wiki/Los_Angeles,Los Angeles
13,Site,2,https://en.wikipedia.org/wiki/California,California
13,Hosted by,3,https://en.wikipedia.org/wiki/Bob_Hope,Bob Hope
14,Date,0,,26 February 1942
14,Site,1,,Biltmore Bowl
14,Site,1,https://en.wikipedia.org/wiki/Biltmore_Hotel,Biltmore Hotel
14,Site,1,https://en.wikipedia.org/wiki/Los_Angeles,Los Angeles
14,Site,1,"https://en.wikipedia.org/wiki/California,_USA","California, USA"
14,Hosted by,2,https://en.wikipedia.org/wiki/Bob_Hope,Bob Hope
15,Date,0,,04 March 1943
15,Site,1,,Cocoanut Grove
15,Site,1,https://en.wikipedia.org/wiki/Ambassador_Hotel_(Los_Angeles),The Ambassador Hotel
15,Site,1,https://en.wikipedia.org/wiki/Los_Angeles,Los Angeles
15,Site,1,"https://en.wikipedia.org/wiki/California,_USA","California, USA"
15,Hosted by,2,https://en.wikipedia.org/wiki/Bob_Hope,Bob Hope
16,Date,0,,02 March 1944
16,Site,1,https://en.wikipedia.org/wiki/Grauman%27s_Chinese_Theatre,Grauman's Chinese Theatre
16,Site,1,"https://en.wikipedia.org/wiki/Hollywood,_Los_Angeles,_California","Hollywood, Los Angeles, California"
16,Hosted by,2,https://en.wikipedia.org/wiki/Jack_Benny,Jack Benny
17,Date,0,,15 March 1945
17,Site,1,https://en.wikipedia.org/wiki/Grauman%E2%80%99s_Chinese_Theater,Grauman’s Chinese Theater
17,Site,1,https://en.wikipedia.org/wiki/Hollywood,Hollywood
17,Site,1,https://en.wikipedia.org/wiki/California,California
17,Hosted by,2,https://en.wikipedia.org/wiki/John_Cromwell_(director),John Cromwell
17,Hosted by,2,https://en.wikipedia.org/wiki/Bob_Hope,Bob Hope
18,Date,0,,07 March 1946
18,Site,1,https://en.wikipedia.org/wiki/Grauman%E2%80%99s_Chinese_Theater,Grauman’s Chinese Theater
18,Site,1,https://en.wikipedia.org/wiki/Hollywood,Hollywood
18,Site,1,"https://en.wikipedia.org/wiki/California,_USA","California, USA"
18,Hosted by,2,https://en.wikipedia.org/wiki/James_Stewart,James Stewart
18,Hosted by,2,https://en.wikipedia.org/wiki/Bob_Hope,Bob Hope
19,Date,0,,13 March 1947
19,Site,1,https://en.wikipedia.org/wiki/Shrine_Auditorium,Shrine Auditorium
19,Site,1,https://en.wikipedia.org/wiki/Los_Angeles,Los Angeles
19,Site,1,"https://en.wikipedia.org/wiki/California,_USA","California, USA"
19,Hosted by,2,https://en.wikipedia.org/wiki/Jack_Benny,Jack Benny
20,Date,0,,20 March 1948
20,Site,1,https://en.wikipedia.org/wiki/Shrine_Auditorium,Shrine Auditorium
20,Site,1,https://en.wikipedia.org/wiki/Los_Angeles,Los Angeles
20,Site,1,,United States
20,Hosted by,2,https://en.wikipedia.org/wiki/Agnes_Moorehead,Agnes Moorehead
20,Hosted by,2,https://en.wikipedia.org/wiki/Dick_Powell,Dick Powell
21,Date,0,,24 March 1949
21,Site,1,,The Academy Theater
21,Site,1,https://en.wikipedia.org/wiki/Hollywood,Hollywood
21,Site,1,"https://en.wikipedia.org/wiki/California,_USA","California, USA"
21,Hosted by,2,https://en.wikipedia.org/wiki/Robert_Montgomery_(actor),Robert Montgomery
22,Date,0,,23 March 1950
22,Site,1,https://en.wikipedia.org/wiki/RKO_Pantages_Theatre,RKO Pantages Theatre
22,Site,1,"https://en.wikipedia.org/wiki/Hollywood,_Los_Angeles,_California","Hollywood, California"
22,Hosted by,2,https://en.wikipedia.org/wiki/Paul_Douglas_(actor),Paul Douglas
23,Date,0,,29 March 1951
23,Site,1,https://en.wikipedia.org/wiki/RKO_Pantages_Theatre,RKO Pantages Theatre
23,Site,1,"https://en.wikipedia.org/wiki/Hollywood,_Los_Angeles,_California","Hollywood, California"
23,Hosted by,2,https://en.wikipedia.org/wiki/Fred_Astaire,Fred Astaire
24,Date,0,,20 March 1952
24,Site,1,https://en.wikipedia.org/wiki/RKO_Pantages_Theatre,RKO Pantages Theatre
24,Site,1,"https://en.wikipedia.org/wiki/Hollywood,_Los_Angeles,_California","Hollywood, California"
24,Hosted by,2,https://en.wikipedia.org/wiki/Danny_Kaye,Danny Kaye
25,Date,0,,19 March 1953
25,Site,1,https://en.wikipedia.org/wiki/Pantages_Theatre_(Hollywood),RKO Pantages Theatre
25,Site,1,"https://en.wikipedia.org/wiki/Hollywood,_California","Hollywood, California"
25,Site,1,https://en.wikipedia.org/wiki/Majestic_Theatre_(Columbus_Circle),NBC International Theatre
25,Site,1,https://en.wikipedia.org/wiki/New_York_City,New York City
25,Site,1,https://en.wikipedia.org/wiki/New_York_(state),New York
25,Hosted by,2,https://en.wikipedia.org/wiki/Bob_Hope,Bob Hope
25,Hosted by,2,,(Hollywood)
25,Hosted by,2,https://en.wikipedia.org/wiki/Conrad_Nagel,Conrad Nagel
25,Hosted by,2,https://en.wikipedia.org/wiki/Master_of_Ceremonies,emcee
25,Hosted by,2,https://en.wikipedia.org/wiki/Fredric_March,Fredric March
25,Hosted by,2,,(New York City)
26,Poster,0,,https://upload.wikimedia.org/wikipedia/commons/thumb/7/78/26th_Annual_Academy_Awards_at_RKO_Pantages_Theater_in_Los_Angeles%2C_1954.jpg/220px-26th_Annual_Academy_Awards_at_RKO_Pantages_Theater_in_Los_Angeles%2C_1954.jpg
26,Date,1,,25 March 1954
26,Site,2,https://en.wikipedia.org/wiki/Pantages_Theatre_(Hollywood),RKO Pantages Theatre
26,Site,2,"https://en.wikipedia.org/wiki/Hollywood,_California","Hollywood, California"
26,Site,2,https://en.wikipedia.org/wiki/New_Century_Theatre,NBC Century Theatre
26,Site,2,https://en.wikipedia.org/wiki/New_York_City,New York City
26,Site,2,https://en.wikipedia.org/wiki/New_York_(state),New York
26,Hosted by,3,https://en.wikipedia.org/wiki/Donald_O%27Connor,Donald O'Connor
26,Hosted by,3,,(Los Angeles)
26,Hosted by,3,https://en.wikipedia.org/wiki/Fredric_March,Fredric March
26,Hosted by,3,,(New York City)
27,Date,0,,30 March 1955
27,Site,1,https://en.wikipedia.org/wiki/Pantages_Theatre_(Hollywood),RKO Pantages Theatre
27,Site,1,"https://en.wikipedia.org/wiki/Hollywood,_California","Hollywood, California"
27,Site,1,,and
27,Site,1,,NBC Century Theatre
27,Site,1,https://en.wikipedia.org/wiki/New_York_City,New York City
27,Site,1,https://en.wikipedia.org/wiki/New_York_(state),New York
27,Hosted by,2,https://en.wikipedia.org/wiki/Bob_Hope,Bob Hope
27,Hosted by,2,,(Hollywood) and
27,Hosted by,2,https://en.wikipedia.org/wiki/Thelma_Ritter,Thelma Ritter
27,Hosted by,2,,(New York City)
28,Date,0,,21 March 1956
28,Site,1,https://en.wikipedia.org/wiki/Pantages_Theatre_(Hollywood),RKO Pantages Theatre
28,Site,1,"https://en.wikipedia.org/wiki/Hollywood,_California","Hollywood, California"
28,Site,1,,NBC Century Theatre
28,Site,1,https://en.wikipedia.org/wiki/New_York_City,New York City
28,Site,1,https://en.wikipedia.org/wiki/New_York_(state),New York
28,Hosted by,2,https://en.wikipedia.org/wiki/Jerry_Lewis,Jerry Lewis
28,Hosted by,2,,(Los Angeles)
28,Hosted by,2,https://en.wikipedia.org/wiki/Claudette_Colbert,Claudette Colbert
28,Hosted by,2,,(New York) and
28,Hosted by,2,https://en.wikipedia.org/wiki/Joseph_L._Mankiewicz,Joseph L. Mankiewicz
28,Hosted by,2,,(New York)
28,Produced by,3,https://en.wikipedia.org/wiki/Robert_Emmett_Dolan,Robert Emmett Dolan
28,Directed by,4,https://en.wikipedia.org/wiki/George_Seaton,George Seaton
29,Date,0,,27 March 1957
29,Site,1,https://en.wikipedia.org/wiki/Pantages_Theatre_(Hollywood),RKO Pantages Theatre
29,Site,1,"https://en.wikipedia.org/wiki/Hollywood,_California","Hollywood, California"
29,Site,1,,NBC Century Theatre
29,Site,1,https://en.wikipedia.org/wiki/New_York_City,New York City
29,Site,1,https://en.wikipedia.org/wiki/New_York_(state),New York
29,Hosted by,2,https://en.wikipedia.org/wiki/Jerry_Lewis,Jerry Lewis
29,Hosted by,2,https://en.wikipedia.org/wiki/Celeste_Holm,Celeste Holm
29,Produced by,3,https://en.wikipedia.org/wiki/Valentine_Davies,Valentine Davies
29,Directed by,4,,Bill Bennington
29,Directed by,4,https://en.wikipedia.org/wiki/Max_O._Miller_(director),Max Miller
30,Poster,0,,https://upload.wikimedia.org/wikipedia/commons/thumb/9/9b/Oscars4-1024x663.png/220px-Oscars4-1024x663.png
30,Date,1,,26 March 1958
30,Site,2,https://en.wikipedia.org/wiki/RKO_Pantages_Theatre,RKO Pantages Theatre
30,Site,2,https://en.wikipedia.org/wiki/Hollywood,Hollywood
30,Site,2,https://en.wikipedia.org/wiki/California,California
30,Site,2,,United States
30,Hosted by,3,https://en.wikipedia.org/wiki/Bob_Hope,Bob Hope
30,Hosted by,3,https://en.wikipedia.org/wiki/Rosalind_Russell,Rosalind Russell
30,Hosted by,3,https://en.wikipedia.org/wiki/David_Niven,David Niven
30,Hosted by,3,https://en.wikipedia.org/wiki/James_Stewart,James Stewart
30,Hosted by,3,https://en.wikipedia.org/wiki/Jack_Lemmon,Jack Lemmon
30,Hosted by,3,https://en.wikipedia.org/wiki/Donald_Duck,Donald Duck
30,Hosted by,3,,(voice of
30,Hosted by,3,https://en.wikipedia.org/wiki/Clarence_Nash,Clarence Nash
30,Hosted by,3,,by premade animation)
30,Produced by,4,https://en.wikipedia.org/wiki/Jerry_Wald,Jerry Wald
30,Directed by,5,,Trevor Newman
31,Poster,0,,https://upload.wikimedia.org/wikipedia/commons/thumb/d/d6/31st_Acad_Awards.jpg/220px-31st_Acad_Awards.jpg
31,Date,1,,"April 6, 1959"
31,Site,2,https://en.wikipedia.org/wiki/Pantages_Theatre_(Hollywood),Pantages Theatre
31,Site,2,https://en.wikipedia.org/wiki/Hollywood,Hollywood
31,Site,2,"https://en.wikipedia.org/wiki/California,_USA","California, USA"
31,Hosted by,3,https://en.wikipedia.org/wiki/Jerry_Lewis,Jerry Lewis
31,Hosted by,3,https://en.wikipedia.org/wiki/Mort_Sahl,Mort Sahl
31,Hosted by,3,https://en.wikipedia.org/wiki/Tony_Randall,Tony Randall
31,Hosted by,3,https://en.wikipedia.org/wiki/Bob_Hope,Bob Hope
31,Hosted by,3,https://en.wikipedia.org/wiki/David_Niven,David Niven
31,Hosted by,3,,and
31,Hosted by,3,https://en.wikipedia.org/wiki/Laurence_Olivier,Laurence Olivier
31,Produced by,4,https://en.wikipedia.org/wiki/Jerry_Wald,Jerry Wald
31,Directed by,5,https://en.wikipedia.org/wiki/Alan_Handley,Alan Handley
32,Date,0,,"April 4, 1960"
32,Site,1,https://en.wikipedia.org/wiki/Pantages_Theatre_(Hollywood),RKO Pantages Theatre
32,Site,1,https://en.wikipedia.org/wiki/Hollywood,Hollywood
32,Site,1,https://en.wikipedia.org/wiki/Los_Angeles,Los Angeles
32,Site,1,https://en.wikipedia.org/wiki/California,California
32,Hosted by,2,https://en.wikipedia.org/wiki/Bob_Hope,Bob Hope
32,Produced by,3,https://en.wikipedia.org/wiki/Arthur_Freed,Arthur Freed
32,Directed by,4,https://en.wikipedia.org/wiki/Alan_Handley,Alan Handley
32,Duration,9,,"1 hour, 40 minutes"
33,Date,0,,"April 17, 1961"
33,Site,1,https://en.wikipedia.org/wiki/Santa_Monica_Civic_Auditorium,Santa Monica Civic Auditorium
33,Site,1,"https://en.wikipedia.org/wiki/Santa_Monica,_California","Santa Monica, California"
33,Hosted by,2,https://en.wikipedia.org/wiki/Bob_Hope,Bob Hope
33,Produced by,3,https://en.wikipedia.org/wiki/Arthur_Freed,Arthur Freed
33,Directed by,4,,Richard Dunlap
34,Date,0,,"April 9, 1962"
34,Site,1,https://en.wikipedia.org/wiki/Santa_Monica_Civic_Auditorium,Santa Monica Civic Auditorium
34,Site,1,"https://en.wikipedia.org/wiki/Santa_Monica,_California","Santa Monica, California"
34,Hosted by,2,https://en.wikipedia.org/wiki/Bob_Hope,Bob Hope
34,Produced by,3,https://en.wikipedia.org/wiki/Arthur_Freed,Arthur Freed
34,Directed by,4,,Richard Dunlap
34,Duration,9,,"2 hours, 10 minutes"
35,Date,0,,"April 8, 1963"
35,Site,1,https://en.wikipedia.org/wiki/Santa_Monica_Civic_Auditorium,Santa Monica Civic Auditorium
35,Hosted by,2,https://en.wikipedia.org/wiki/Frank_Sinatra,Frank Sinatra
35,Produced by,3,https://en.wikipedia.org/wiki/Arthur_Freed,Arthur Freed
35,Directed by,4,,Richard Dunlap
36,Date,0,,"Monday, April 13, 1964"
36,Site,1,https://en.wikipedia.org/wiki/Santa_Monica_Civic_Auditorium,Santa Monica Civic Auditorium
36,Site,1,"https://en.wikipedia.org/wiki/Santa_Monica,_California",Santa Monica
36,Site,1,,"California, U.S."
36,Hosted by,2,https://en.wikipedia.org/wiki/Jack_Lemmon,Jack Lemmon
36,Produced by,3,,Richard Dunlap
36,Produced by,3,https://en.wikipedia.org/wiki/George_Sidney,George Sidney
36,Directed by,4,,Richard Dunlap
37,Date,0,,"April 5, 1965"
37,Site,1,https://en.wikipedia.org/wiki/Santa_Monica_Civic_Auditorium,Santa Monica Civic Auditorium
37,Site,1,,in
37,Site,1,"https://en.wikipedia.org/wiki/Santa_Monica,_California","Santa Monica, California"
37,Hosted by,2,https://en.wikipedia.org/wiki/Bob_Hope,Bob Hope
37,Produced by,3,https://en.wikipedia.org/wiki/Joe_Pasternak,Joe Pasternak
37,Directed by,4,,Richard Dunlap
38,Date,0,,"April 18, 1966"
38,Site,1,https://en.wikipedia.org/wiki/Santa_Monica_Civic_Auditorium,Santa Monica Civic Auditorium
38,Site,1,,in
38,Site,1,"https://en.wikipedia.org/wiki/Santa_Monica,_California","Santa Monica, California"
38,Hosted by,2,https://en.wikipedia.org/wiki/Bob_Hope,Bob Hope
38,Produced by,3,https://en.wikipedia.org/wiki/Joe_Pasternak,Joe Pasternak
38,Directed by,4,,Richard Dunlap
39,Poster,0,,https://upload.wikimedia.org/wikipedia/en/thumb/0/08/39th_Academy_Awards.jpg/220px-39th_Academy_Awards.jpg
39,Date,1,,"April 10, 1967"
39,Site,2,https://en.wikipedia.org/wiki/Santa_Monica_Civic_Auditorium,Santa Monica Civic Auditorium
39,Site,2,"https://en.wikipedia.org/wiki/Santa_Monica,_California","Santa Monica, California"
39,Hosted by,3,https://en.wikipedia.org/wiki/Bob_Hope,Bob Hope
39,Produced by,4,https://en.wikipedia.org/wiki/Joe_Pasternak,Joe Pasternak
39,Directed by,5,,Richard Dunlap
39,Duration,10,,"2 hours, 31 minutes"
40,Poster,0,,https://upload.wikimedia.org/wikipedia/en/thumb/9/97/40th_Academy_Awards.jpg/220px-40th_Academy_Awards.jpg
40,Date,1,,"April 10, 1968"
40,Site,2,https://en.wikipedia.org/wiki/Santa_Monica_Civic_Auditorium,Santa Monica Civic Auditorium
40,Site,2,"https://en.wikipedia.org/wiki/Santa_Monica,_California","Santa Monica, California"
40,Hosted by,3,https://en.wikipedia.org/wiki/Bob_Hope,Bob Hope
40,Produced by,4,https://en.wikipedia.org/wiki/Arthur_Freed,Arthur Freed
40,Directed by,5,,Richard Dunlap
41,Poster,0,,https://upload.wikimedia.org/wikipedia/en/thumb/b/ba/41st_Academy_Awards.jpg/220px-41st_Academy_Awards.jpg
41,Date,1,,"April 14, 1969"
41,Site,2,https://en.wikipedia.org/wiki/Dorothy_Chandler_Pavilion,Dorothy Chandler Pavilion
41,Site,2,https://en.wikipedia.org/wiki/Los_Angeles,Los Angeles
41,Hosted by,3,,none
41,Produced by,4,https://en.wikipedia.org/wiki/Gower_Champion,Gower Champion
41,Directed by,5,https://en.wikipedia.org/wiki/Gower_Champion,Gower Champion
42,Poster,0,,https://upload.wikimedia.org/wikipedia/en/thumb/0/03/42nd_Academy_Awards.jpg/220px-42nd_Academy_Awards.jpg
42,Date,1,,"April 7, 1970"
42,Site,2,https://en.wikipedia.org/wiki/Dorothy_Chandler_Pavilion,Dorothy Chandler Pavilion
42,Site,2,,Los Angeles
42,Hosted by,3,,none
42,Produced by,4,https://en.wikipedia.org/wiki/M.J._Frankovich,M.J. Frankovich
42,Directed by,5,https://en.wikipedia.org/wiki/Jack_Haley_Jr.,Jack Haley Jr.
42,Duration,10,,"2 hours, 25 minutes"
43,Poster,0,,https://upload.wikimedia.org/wikipedia/en/thumb/6/68/43rd_Academy_Awards.jpg/220px-43rd_Academy_Awards.jpg
43,Date,1,,"April 15, 1971"
43,Site,2,https://en.wikipedia.org/wiki/Dorothy_Chandler_Pavilion,Dorothy Chandler Pavilion
43,Site,2,https://en.wikipedia.org/wiki/Los_Angeles,Los Angeles
43,Site,2,https://en.wikipedia.org/wiki/California,California
43,Hosted by,3,,None
43,Produced by,4,https://en.wikipedia.org/wiki/Robert_Wise,Robert Wise
43,Directed by,5,,Richard Dunlap
44,Poster,0,,https://upload.wikimedia.org/wikipedia/en/thumb/6/67/44th_Academy_Awards.jpg/220px-44th_Academy_Awards.jpg
44,Date,1,,"April 10, 1972"
44,Site,2,https://en.wikipedia.org/wiki/Dorothy_Chandler_Pavilion,Dorothy Chandler Pavilion
44,Site,2,,Los Angeles
44,Hosted by,3,https://en.wikipedia.org/wiki/Helen_Hayes,Helen Hayes
44,Hosted by,3,https://en.wikipedia.org/wiki/Alan_King,Alan King
44,Hosted by,3,https://en.wikipedia.org/wiki/Sammy_Davis_Jr.,Sammy Davis Jr.
44,Hosted by,3,https://en.wikipedia.org/wiki/Jack_Lemmon,Jack Lemmon
44,Produced by,4,https://en.wikipedia.org/wiki/Howard_W._Koch,Howard W. Koch
44,Directed by,5,https://en.wikipedia.org/wiki/Marty_Pasetta,Marty Pasetta
45,Poster,0,,https://upload.wikimedia.org/wikipedia/en/4/46/45th_Academy_Awards.jpg
45,Date,1,,27 March 1973
45,Site,2,https://en.wikipedia.org/wiki/Dorothy_Chandler_Pavilion,Dorothy Chandler Pavilion
45,Site,2,https://en.wikipedia.org/wiki/Los_Angeles,Los Angeles
45,Site,2,https://en.wikipedia.org/wiki/California,California
45,Hosted by,3,https://en.wikipedia.org/wiki/Carol_Burnett,Carol Burnett
45,Hosted by,3,https://en.wikipedia.org/wiki/Michael_Caine,Michael Caine
45,Hosted by,3,https://en.wikipedia.org/wiki/Charlton_Heston,Charlton Heston
45,Hosted by,3,https://en.wikipedia.org/wiki/Rock_Hudson,Rock Hudson
45,Produced by,4,https://en.wikipedia.org/wiki/Howard_W._Koch,Howard W. Koch
45,Directed by,5,https://en.wikipedia.org/wiki/Marty_Pasetta,Marty Pasetta
45,Duration,10,,"2 hours, 38 minutes"
46,Poster,0,,https://upload.wikimedia.org/wikipedia/en/thumb/4/44/46th_Academy_Awards.jpg/220px-46th_Academy_Awards.jpg
46,Date,1,,"April 2, 1974"
46,Site,2,https://en.wikipedia.org/wiki/Dorothy_Chandler_Pavilion,Dorothy Chandler Pavilion
46,Site,2,https://en.wikipedia.org/wiki/Los_Angeles,Los Angeles
46,Site,2,https://en.wikipedia.org/wiki/California,California
46,Hosted by,3,https://en.wikipedia.org/wiki/Burt_Reynolds,Burt Reynolds
46,Hosted by,3,https://en.wikipedia.org/wiki/Diana_Ross,Diana Ross
46,Hosted by,3,https://en.wikipedia.org/wiki/John_Huston,John Huston
46,Hosted by,3,,and
46,Hosted by,3,https://en.wikipedia.org/wiki/David_Niven,David Niven
46,Produced by,4,https://en.wikipedia.org/wiki/Jack_Haley_Jr.,Jack Haley Jr.
46,Directed by,5,https://en.wikipedia.org/wiki/Marty_Pasetta,Marty Pasetta
46,Duration,10,,"3 hours, 23 minutes"
47,Poster,0,,https://upload.wikimedia.org/wikipedia/en/thumb/2/2d/47th_Academy_Awards.jpg/220px-47th_Academy_Awards.jpg
47,Date,1,,"April 8, 1975"
47,Site,2,https://en.wikipedia.org/wiki/Dorothy_Chandler_Pavilion,Dorothy Chandler Pavilion
47,Site,2,,Los Angeles
47,Hosted by,3,https://en.wikipedia.org/wiki/Bob_Hope,Bob Hope
47,Hosted by,3,https://en.wikipedia.org/wiki/Shirley_MacLaine,Shirley MacLaine
47,Hosted by,3,https://en.wikipedia.org/wiki/Sammy_Davis_Jr.,Sammy Davis Jr.
47,Hosted by,3,https://en.wikipedia.org/wiki/Frank_Sinatra,Frank Sinatra
47,Produced by,4,https://en.wikipedia.org/wiki/Howard_W._Koch,Howard W. Koch
47,Directed by,5,https://en.wikipedia.org/wiki/Marty_Pasetta,Marty Pasetta
48,Poster,0,,https://upload.wikimedia.org/wikipedia/en/thumb/4/48/48th_Academy_Awards.jpg/220px-48th_Academy_Awards.jpg
48,Date,1,,29 March 1976
48,Site,2,https://en.wikipedia.org/wiki/Dorothy_Chandler_Pavilion,Dorothy Chandler Pavilion
48,Site,2,https://en.wikipedia.org/wiki/Los_Angeles,Los Angeles
48,Site,2,,"California, U.S."
48,Hosted by,3,https://en.wikipedia.org/wiki/Walter_Matthau,Walter Matthau
48,Hosted by,3,https://en.wikipedia.org/wiki/Robert_Shaw_(actor),Robert Shaw
48,Hosted by,3,https://en.wikipedia.org/wiki/George_Segal,George Segal
48,Hosted by,3,https://en.wikipedia.org/wiki/Goldie_Hawn,Goldie Hawn
48,Hosted by,3,https://en.wikipedia.org/wiki/Gene_Kelly,Gene Kelly
48,Produced by,4,https://en.wikipedia.org/wiki/Howard_W._Koch,Howard W. Koch
48,Directed by,5,https://en.wikipedia.org/wiki/Marty_Pasetta,Marty Pasetta
48,Duration,10,,"3 hours, 12 minutes"
49,Poster,0,,https://upload.wikimedia.org/wikipedia/en/thumb/2/2b/49th_Academy_Awards.jpg/220px-49th_Academy_Awards.jpg
49,Date,1,,28 March 1977
49,Site,2,https://en.wikipedia.org/wiki/Dorothy_Chandler_Pavilion,Dorothy Chandler Pavilion
49,Site,2,https://en.wikipedia.org/wiki/Los_Angeles,Los Angeles
49,Site,2,https://en.wikipedia.org/wiki/California,California
49,Site,2,,U.S.
49,Hosted by,3,https://en.wikipedia.org/wiki/Richard_Pryor,Richard Pryor
49,Hosted by,3,https://en.wikipedia.org/wiki/Ellen_Burstyn,Ellen Burstyn
49,Hosted by,3,https://en.wikipedia.org/wiki/Jane_Fonda,Jane Fonda
49,Hosted by,3,https://en.wikipedia.org/wiki/Warren_Beatty,Warren Beatty
49,Produced by,4,https://en.wikipedia.org/wiki/William_Friedkin,William Friedkin
49,Directed by,5,https://en.wikipedia.org/wiki/Marty_Pasetta,Marty Pasetta
49,Duration,10,,"3 hours, 38 minutes"
50,Poster,0,,https://upload.wikimedia.org/wikipedia/en/thumb/6/63/50th_Academy_Awards.jpg/220px-50th_Academy_Awards.jpg
50,Date,1,,"April 3, 1978"
50,Site,2,https://en.wikipedia.org/wiki/Dorothy_Chandler_Pavilion,Dorothy Chandler Pavilion
50,Site,2,https://en.wikipedia.org/wiki/Los_Angeles,Los Angeles
50,Site,2,,"California, U.S."
50,Hosted by,3,https://en.wikipedia.org/wiki/Bob_Hope,Bob Hope
50,Produced by,4,https://en.wikipedia.org/wiki/Howard_W._Koch,Howard W. Koch
50,Directed by,5,https://en.wikipedia.org/wiki/Marty_Pasetta,Marty Pasetta
50,Duration,10,,"3 hours, 30 minutes"
51,Poster,0,,https://upload.wikimedia.org/wikipedia/en/thumb/c/cf/51st_Academy_Awards.jpg/220px-51st_Academy_Awards.jpg
51,Date,1,,"April 9, 1979"
51,Site,2,https://en.wikipedia.org/wiki/Dorothy_Chandler_Pavilion,Dorothy Chandler Pavilion
51,Site,2,https://en.wikipedia.org/wiki/Los_Angeles,Los Angeles
51,Site,2,,"California, U.S."
51,Hosted by,3,https://en.wikipedia.org/wiki/Johnny_Carson,Johnny Carson
51,Produced by,4,https://en.wikipedia.org/wiki/Jack_Haley_Jr.,Jack Haley Jr.
51,Directed by,5,https://en.wikipedia.org/wiki/Marty_Pasetta,Marty Pasetta
51,Duration,10,,"3 hours, 25 minutes"
52,Poster,0,,https://upload.wikimedia.org/wikipedia/en/thumb/4/41/52nd_Academy_Awards.jpg/220px-52nd_Academy_Awards.jpg
52,Date,1,,14 April 1980
52,Site,2,https://en.wikipedia.org/wiki/Dorothy_Chandler_Pavilion,Dorothy Chandler Pavilion
52,Site,2,https://en.wikipedia.org/wiki/Los_Angeles,Los Angeles
52,Site,2,,"California, U.S."
52,Hosted by,3,https://en.wikipedia.org/wiki/Johnny_Carson,Johnny Carson
52,Produced by,4,https://en.wikipedia.org/wiki/Howard_W._Koch,Howard W. Koch
52,Directed by,5,https://en.wikipedia.org/wiki/Marty_Pasetta,Marty Pasetta
52,Duration,10,,"3 hours, 12 minutes"
53,Poster,0,,https://upload.wikimedia.org/wikipedia/en/thumb/a/a1/53rd_Academy_Awards.jpg/220px-53rd_Academy_Awards.jpg
53,Date,1,,31 March 1981
53,Site,2,https://en.wikipedia.org/wiki/Dorothy_Chandler_Pavilion,Dorothy Chandler Pavilion
53,Site,2,https://en.wikipedia.org/wiki/Los_Angeles,Los Angeles
53,Hosted by,3,https://en.wikipedia.org/wiki/Johnny_Carson,Johnny Carson
53,Produced by,4,https://en.wikipedia.org/wiki/Norman_Jewison,Norman Jewison
53,Directed by,5,https://en.wikipedia.org/wiki/Marty_Pasetta,Marty Pasetta
53,Duration,10,,"3 hours, 13 minutes"
54,Poster,0,,https://upload.wikimedia.org/wikipedia/en/thumb/e/e0/54th_Academy_Awards.jpg/220px-54th_Academy_Awards.jpg
54,Date,1,,29 March 1982
54,Site,2,https://en.wikipedia.org/wiki/Dorothy_Chandler_Pavilion,Dorothy Chandler Pavilion
54,Site,2,https://en.wikipedia.org/wiki/Los_Angeles,Los Angeles
54,Site,2,,"California, U.S."
54,Hosted by,3,https://en.wikipedia.org/wiki/Johnny_Carson,Johnny Carson
54,Produced by,4,https://en.wikipedia.org/wiki/Howard_W._Koch,Howard W. Koch
54,Produced by,4,https://en.wikipedia.org/wiki/Melvin_Frank,Melvin Frank
54,Directed by,5,,Marty Pasetta
54,Duration,10,,"3 hours, 44 minutes"
55,Poster,0,,https://upload.wikimedia.org/wikipedia/en/thumb/8/8b/Oscar-1982.jpg/200px-Oscar-1982.jpg
55,Date,1,,"April 11, 1983"
55,Site,2,https://en.wikipedia.org/wiki/Dorothy_Chandler_Pavilion,Dorothy Chandler Pavilion
55,Site,2,https://en.wikipedia.org/wiki/Los_Angeles,Los Angeles
55,Site,2,,"California, U.S."
55,Hosted by,3,https://en.wikipedia.org/wiki/Liza_Minnelli,Liza Minnelli
55,Hosted by,3,https://en.wikipedia.org/wiki/Dudley_Moore,Dudley Moore
55,Hosted by,3,https://en.wikipedia.org/wiki/Richard_Pryor,Richard Pryor
55,Hosted by,3,https://en.wikipedia.org/wiki/Walter_Matthau,Walter Matthau
55,Produced by,4,https://en.wikipedia.org/wiki/Howard_W._Koch,Howard W. Koch
55,Directed by,5,https://en.wikipedia.org/wiki/Marty_Pasetta,Marty Pasetta
55,Duration,10,,"3 hours, 15 minutes"
56,Poster,0,,https://upload.wikimedia.org/wikipedia/en/thumb/f/ff/Oscar-1983.jpg/220px-Oscar-1983.jpg
56,Date,1,,"April 9, 1984"
56,Site,2,https://en.wikipedia.org/wiki/Dorothy_Chandler_Pavilion,Dorothy Chandler Pavilion
56,Site,2,https://en.wikipedia.org/wiki/Los_Angeles,Los Angeles
56,Hosted by,3,https://en.wikipedia.org/wiki/Johnny_Carson,Johnny Carson
56,Produced by,4,https://en.wikipedia.org/wiki/Jack_Haley_Jr.,Jack Haley Jr.
56,Directed by,5,https://en.wikipedia.org/wiki/Marty_Pasetta,Marty Pasetta
56,Duration,10,,"3 hours, 42 minutes"
57,Poster,0,,https://upload.wikimedia.org/wikipedia/en/thumb/5/55/Oscar-1984.jpg/220px-Oscar-1984.jpg
57,Date,1,,25 March 1985
57,Site,2,https://en.wikipedia.org/wiki/Dorothy_Chandler_Pavilion,Dorothy Chandler Pavilion
57,Site,2,https://en.wikipedia.org/wiki/Los_Angeles,Los Angeles
57,Site,2,,"California, U.S."
57,Hosted by,3,https://en.wikipedia.org/wiki/Jack_Lemmon,Jack Lemmon
57,Produced by,4,https://en.wikipedia.org/wiki/Gregory_Peck,Gregory Peck
57,Produced by,4,https://en.wikipedia.org/wiki/Robert_Wise,Robert Wise
57,Produced by,4,https://en.wikipedia.org/wiki/Larry_Gelbart,Larry Gelbart
57,Produced by,4,https://en.wikipedia.org/wiki/Gene_Allen_(art_director),Gene Allen
57,Directed by,5,https://en.wikipedia.org/wiki/Marty_Pasetta,Marty Pasetta
57,Duration,10,,"3 hours, 10 minutes"
58,Poster,0,,https://upload.wikimedia.org/wikipedia/en/thumb/b/b8/Oscar-1985.jpg/220px-Oscar-1985.jpg
58,Date,1,,24 March 1986
58,Site,2,https://en.wikipedia.org/wiki/Dorothy_Chandler_Pavilion,Dorothy Chandler Pavilion
58,Site,2,https://en.wikipedia.org/wiki/Los_Angeles,Los Angeles
58,Site,2,,"California, U.S."
58,Hosted by,3,https://en.wikipedia.org/wiki/Alan_Alda,Alan Alda
58,Hosted by,3,https://en.wikipedia.org/wiki/Jane_Fonda,Jane Fonda
58,Hosted by,3,https://en.wikipedia.org/wiki/Robin_Williams,Robin Williams
58,Produced by,4,https://en.wikipedia.org/wiki/Stanley_Donen,Stanley Donen
58,Directed by,5,https://en.wikipedia.org/wiki/Marty_Pasetta,Marty Pasetta
58,Duration,10,,"3 hours, 11 minutes"
59,Poster,0,,https://upload.wikimedia.org/wikipedia/en/thumb/3/3b/Oscar-1986.jpg/220px-Oscar-1986.jpg
59,Date,1,,30 March 1987
59,Site,2,https://en.wikipedia.org/wiki/Dorothy_Chandler_Pavilion,Dorothy Chandler Pavilion
59,Site,2,https://en.wikipedia.org/wiki/Los_Angeles,Los Angeles
59,Site,2,,"California, U.S."
59,Hosted by,3,https://en.wikipedia.org/wiki/Chevy_Chase,Chevy Chase
59,Hosted by,3,https://en.wikipedia.org/wiki/Goldie_Hawn,Goldie Hawn
59,Hosted by,3,https://en.wikipedia.org/wiki/Paul_Hogan,Paul Hogan
59,Produced by,4,https://en.wikipedia.org/wiki/Samuel_Goldwyn_Jr.,Samuel Goldwyn Jr.
59,Directed by,5,https://en.wikipedia.org/wiki/Marty_Pasetta,Marty Pasetta
59,Duration,10,,"3 hours, 25 minutes"
60,Poster,0,,https://upload.wikimedia.org/wikipedia/en/thumb/d/da/60th_Academy_Awards.jpg/220px-60th_Academy_Awards.jpg
60,Date,1,,"April 11, 1988"
60,Site,2,https://en.wikipedia.org/wiki/Shrine_Auditorium,Shrine Auditorium
60,Site,2,https://en.wikipedia.org/wiki/Los_Angeles,Los Angeles
60,Site,2,,"California, U.S."
60,Hosted by,3,https://en.wikipedia.org/wiki/Chevy_Chase,Chevy Chase
60,Produced by,4,https://en.wikipedia.org/wiki/Samuel_Goldwyn_Jr.,Samuel Goldwyn Jr.
60,Directed by,5,https://en.wikipedia.org/wiki/Marty_Pasetta,Marty Pasetta
60,Duration,10,,"3 hours, 33 minutes"
61,Poster,0,,https://upload.wikimedia.org/wikipedia/en/thumb/5/5d/61st_Academy_Awards.jpg/220px-61st_Academy_Awards.jpg
61,Date,1,,29 March 1989
61,Site,2,https://en.wikipedia.org/wiki/Shrine_Auditorium,Shrine Auditorium
61,Site,2,https://en.wikipedia.org/wiki/Los_Angeles,Los Angeles
61,Site,2,,"California, U.S."
61,Hosted by,3,,none
61,Produced by,4,https://en.wikipedia.org/wiki/Allan_Carr,Allan Carr
61,Directed by,5,,Jeff Margolis
61,Duration,10,,"3 hours, 19 minutes"
62,Poster,0,,https://upload.wikimedia.org/wikipedia/en/thumb/3/3b/62nd_Academy_Awards.jpg/220px-62nd_Academy_Awards.jpg
62,Date,1,,26 March 1990
62,Site,2,https://en.wikipedia.org/wiki/Dorothy_Chandler_Pavilion,Dorothy Chandler Pavilion
62,Site,2,https://en.wikipedia.org/wiki/Los_Angeles,Los Angeles
62,Site,2,,"California, U.S."
62,Hosted by,3,https://en.wikipedia.org/wiki/Billy_Crystal,Billy Crystal
62,Produced by,4,https://en.wikipedia.org/wiki/Gilbert_Cates,Gil Cates
62,Directed by,5,,Jeff Margolis
62,Duration,10,,"3 hours, 37 minutes"
63,Poster,0,,https://upload.wikimedia.org/wikipedia/en/thumb/7/79/63rd_Academy_Awards_ceremony_poster.jpg/220px-63rd_Academy_Awards_ceremony_poster.jpg
63,Date,1,,25 March 1991
63,Site,2,https://en.wikipedia.org/wiki/Shrine_Auditorium,Shrine Auditorium
63,Site,2,https://en.wikipedia.org/wiki/Los_Angeles,Los Angeles
63,Site,2,,"California, U.S."
63,Hosted by,3,https://en.wikipedia.org/wiki/Billy_Crystal,Billy Crystal
63,Produced by,4,https://en.wikipedia.org/wiki/Gilbert_Cates,Gil Cates
63,Directed by,5,,Jeff Margolis
63,Duration,10,,"3 hours, 30 minutes"
64,Poster,0,,https://upload.wikimedia.org/wikipedia/en/thumb/a/a3/64th_Academy_Awards.jpg/220px-64th_Academy_Awards.jpg
64,Date,1,,30 March 1992
64,Site,2,https://en.wikipedia.org/wiki/Dorothy_Chandler_Pavilion,Dorothy Chandler Pavilion
64,Site,2,https://en.wikipedia.org/wiki/Los_Angeles,Los Angeles
64,Site,2,,"California, U.S."
64,Hosted by,3,https://en.wikipedia.org/wiki/Billy_Crystal,Billy Crystal
64,Produced by,4,https://en.wikipedia.org/wiki/Gilbert_Cates,Gil Cates
64,Directed by,5,,Jeff Margolis
64,Duration,10,,"3 hours, 33 minutes"
65,Poster,0,,https://upload.wikimedia.org/wikipedia/en/thumb/2/24/65th_Academy_Awards.jpg/220px-65th_Academy_Awards.jpg
65,Date,1,,29 March 1993
65,Site,2,https://en.wikipedia.org/wiki/Dorothy_Chandler_Pavilion,Dorothy Chandler Pavilion
65,Site,2,https://en.wikipedia.org/wiki/Los_Angeles,Los Angeles
65,Site,2,,"California, U.S."
65,Hosted by,3,https://en.wikipedia.org/wiki/Billy_Crystal,Billy Crystal
65,Produced by,4,https://en.wikipedia.org/wiki/Gilbert_Cates,Gil Cates
65,Directed by,5,,Jeff Margolis
65,Duration,10,,"3 hours, 33 minutes"
66,Poster,0,,https://upload.wikimedia.org/wikipedia/en/thumb/9/9e/66th_Academy_Awards.jpg/220px-66th_Academy_Awards.jpg
66,Date,1,,21 March 1994
66,Site,2,https://en.wikipedia.org/wiki/Dorothy_Chandler_Pavilion,Dorothy Chandler Pavilion
66,Site,2,https://en.wikipedia.org/wiki/Los_Angeles,Los Angeles
66,Site,2,,"California, U.S."
66,Hosted by,3,https://en.wikipedia.org/wiki/Whoopi_Goldberg,Whoopi Goldberg
66,Produced by,4,https://en.wikipedia.org/wiki/Gilbert_Cates,Gil Cates
66,Directed by,5,,Jeff Margolis
66,Duration,10,,"3 hours, 18 minutes"
67,Poster,0,,https://upload.wikimedia.org/wikipedia/en/thumb/e/e7/67th_Academy_Awards.jpg/220px-67th_Academy_Awards.jpg
67,Date,1,,27 March 1995
67,Site,2,https://en.wikipedia.org/wiki/Shrine_Auditorium,Shrine Auditorium
67,Site,2,https://en.wikipedia.org/wiki/Los_Angeles,Los Angeles
67,Site,2,,"California, U.S."
67,Hosted by,3,https://en.wikipedia.org/wiki/David_Letterman,David Letterman
67,Produced by,4,https://en.wikipedia.org/wiki/Gilbert_Cates,Gil Cates
67,Directed by,5,,Jeff Margolis
67,Duration,10,,"3 hours, 32 minutes"
68,Poster,0,,https://upload.wikimedia.org/wikipedia/en/thumb/0/05/Oscars1995.jpg/220px-Oscars1995.jpg
68,Date,1,,25 March 1996
68,Site,2,https://en.wikipedia.org/wiki/Dorothy_Chandler_Pavilion,Dorothy Chandler Pavilion
68,Site,2,https://en.wikipedia.org/wiki/Los_Angeles,Los Angeles
68,Site,2,,"California, U.S."
68,Hosted by,3,https://en.wikipedia.org/wiki/Whoopi_Goldberg,Whoopi Goldberg
68,Produced by,4,https://en.wikipedia.org/wiki/Quincy_Jones,Quincy Jones
68,Directed by,5,,Jeff Margolis
68,Duration,10,,"3 hours, 39 minutes"
69,Poster,0,,https://upload.wikimedia.org/wikipedia/en/thumb/6/6d/69th_Academy_Awards.jpg/220px-69th_Academy_Awards.jpg
69,Date,1,,24 March 1997
69,Site,2,https://en.wikipedia.org/wiki/Shrine_Auditorium,Shrine Auditorium
69,Site,2,https://en.wikipedia.org/wiki/Los_Angeles,Los Angeles
69,Site,2,,"California, U.S."
69,Hosted by,3,https://en.wikipedia.org/wiki/Billy_Crystal,Billy Crystal
69,Produced by,4,https://en.wikipedia.org/wiki/Gilbert_Cates,Gil Cates
69,Directed by,5,,Louis J. Horvitz
69,Duration,10,,"3 hours, 35 minutes"
70,Poster,0,,https://upload.wikimedia.org/wikipedia/en/thumb/9/90/70th_Academy_Awards_poster.jpg/220px-70th_Academy_Awards_poster.jpg
70,Date,1,,23 March 1998
70,Site,2,https://en.wikipedia.org/wiki/Shrine_Auditorium,Shrine Auditorium
70,Site,2,https://en.wikipedia.org/wiki/Los_Angeles,Los Angeles
70,Site,2,,"California, U.S."
70,Hosted by,3,https://en.wikipedia.org/wiki/Billy_Crystal,Billy Crystal
70,Produced by,4,https://en.wikipedia.org/wiki/Gilbert_Cates,Gil Cates
70,Directed by,5,,Louis J. Horvitz
70,Duration,10,,"3 hours, 47 minutes"
71,Poster,0,,https://upload.wikimedia.org/wikipedia/en/thumb/8/8e/71st_Academy_Awards_poster.jpg/220px-71st_Academy_Awards_poster.jpg
71,Date,1,,21 March 1999
71,Site,2,https://en.wikipedia.org/wiki/Dorothy_Chandler_Pavilion,Dorothy Chandler Pavilion
71,Site,2,https://en.wikipedia.org/wiki/Los_Angeles,Los Angeles
71,Site,2,,"California, U.S."
71,Hosted by,3,https://en.wikipedia.org/wiki/Whoopi_Goldberg,Whoopi Goldberg
71,Preshow hosts,4,https://en.wikipedia.org/wiki/Geena_Davis,Geena Davis
71,Preshow hosts,4,https://en.wikipedia.org/wiki/Jim_Moret,Jim Moret
71,Produced by,5,https://en.wikipedia.org/wiki/Gilbert_Cates,Gil Cates
71,Directed by,6,https://en.wikipedia.org/wiki/Louis_J._Horvitz,Louis J. Horvitz
71,Duration,11,,"4 hours, 2 minutes"
72,Poster,0,,https://upload.wikimedia.org/wikipedia/en/thumb/e/ea/72_academy_awards_poster.jpg/220px-72_academy_awards_poster.jpg
72,Date,1,,26 March 2000
72,Site,2,https://en.wikipedia.org/wiki/Shrine_Auditorium,Shrine Auditorium
72,Site,2,https://en.wikipedia.org/wiki/Los_Angeles,Los Angeles
72,Site,2,,"California, U.S."
72,Hosted by,3,https://en.wikipedia.org/wiki/Billy_Crystal,Billy Crystal
72,Preshow hosts,4,https://en.wikipedia.org/wiki/Tyra_Banks,Tyra Banks
72,Preshow hosts,4,https://en.wikipedia.org/wiki/Chris_Connelly_(reporter),Chris Connelly
72,Preshow hosts,4,https://en.wikipedia.org/wiki/Meredith_Vieira,Meredith Vieira
72,Produced by,5,https://en.wikipedia.org/wiki/Richard_D._Zanuck,Richard D. Zanuck
72,Produced by,5,https://en.wikipedia.org/wiki/Lili_Fini_Zanuck,Lili Fini Zanuck
72,Directed by,6,https://en.wikipedia.org/wiki/Louis_J._Horvitz,Louis J. Horvitz
72,Duration,11,,"4 hours, 9 minutes"
73,Poster,0,,https://upload.wikimedia.org/wikipedia/en/thumb/5/5e/Oscars_ceremony_poster_73.jpg/220px-Oscars_ceremony_poster_73.jpg
73,Date,1,,25 March 2001
73,Site,2,https://en.wikipedia.org/wiki/Shrine_Auditorium,Shrine Auditorium
73,Site,2,https://en.wikipedia.org/wiki/Los_Angeles,Los Angeles
73,Site,2,,"California, U.S."
73,Hosted by,3,https://en.wikipedia.org/wiki/Steve_Martin,Steve Martin
73,Preshow hosts,4,https://en.wikipedia.org/wiki/Chris_Connelly_(journalist),Chris Connelly
73,Preshow hosts,4,https://en.wikipedia.org/wiki/Julie_Moran,Julie Moran
73,Preshow hosts,4,https://en.wikipedia.org/wiki/Jim_Moret,Jim Moret
73,Produced by,5,https://en.wikipedia.org/wiki/Gilbert_Cates,Gil Cates
73,Directed by,6,https://en.wikipedia.org/wiki/Louis_J._Horvitz,Louis J. Horvitz
73,Duration,11,,"3 hours, 23 minutes"
74,Poster,0,,https://upload.wikimedia.org/wikipedia/en/thumb/c/c3/74_academy_awards_poster.jpg/220px-74_academy_awards_poster.jpg
74,Date,1,,24 March 2002
74,Site,2,https://en.wikipedia.org/wiki/Kodak_Theatre,Kodak Theatre
74,Site,2,https://en.wikipedia.org/wiki/Hollywood,Hollywood
74,Site,2,,"Los Angeles, California, U.S."
74,Hosted by,3,https://en.wikipedia.org/wiki/Whoopi_Goldberg,Whoopi Goldberg
74,Preshow hosts,4,https://en.wikipedia.org/wiki/Chris_Connelly_(reporter),Chris Connelly
74,Preshow hosts,4,https://en.wikipedia.org/wiki/Leeza_Gibbons,Leeza Gibbons
74,Preshow hosts,4,https://en.wikipedia.org/wiki/Ananda_Lewis,Ananda Lewis
74,Produced by,5,https://en.wikipedia.org/wiki/Laura_Ziskin,Laura Ziskin
74,Directed by,6,https://en.wikipedia.org/wiki/Louis_J._Horvitz,Louis J. Horvitz
74,Duration,11,,"4 hours, 23 minutes"
75,Poster,0,,https://upload.wikimedia.org/wikipedia/en/thumb/9/94/Oscars2002.JPG/220px-Oscars2002.JPG
75,Date,1,,23 March 2003
75,Site,2,https://en.wikipedia.org/wiki/Kodak_Theatre,Kodak Theatre
75,Site,2,https://en.wikipedia.org/wiki/Hollywood,Hollywood
75,Site,2,https://en.wikipedia.org/wiki/Los_Angeles,Los Angeles
75,Site,2,,"California, U.S."
75,Hosted by,3,https://en.wikipedia.org/wiki/Steve_Martin,Steve Martin
75,Preshow hosts,4,https://en.wikipedia.org/wiki/Jann_Carl,Jann Carl
75,Preshow hosts,4,https://en.wikipedia.org/wiki/Chris_Connelly_(reporter),Chris Connelly
75,Preshow hosts,4,https://en.wikipedia.org/wiki/Jim_Moret,Jim Moret
75,Preshow hosts,4,https://en.wikipedia.org/wiki/Shaun_Robinson,Shaun Robinson
75,Produced by,5,https://en.wikipedia.org/wiki/Gilbert_Cates,Gil Cates
75,Directed by,6,https://en.wikipedia.org/wiki/Louis_J._Horvitz,Louis J. Horvitz
75,Duration,11,,"3 hours, 30 minutes"
76,Poster,0,,https://upload.wikimedia.org/wikipedia/en/thumb/4/4e/Oscars2003.JPG/220px-Oscars2003.JPG
76,Date,1,,29 February 2004
76,Site,2,https://en.wikipedia.org/wiki/Kodak_Theatre,Kodak Theatre
76,Site,2,https://en.wikipedia.org/wiki/Hollywood,Hollywood
76,Site,2,https://en.wikipedia.org/wiki/Los_Angeles,Los Angeles
76,Site,2,,"California, U.S."
76,Hosted by,3,https://en.wikipedia.org/wiki/Billy_Crystal,Billy Crystal
76,Preshow hosts,4,https://en.wikipedia.org/wiki/Billy_Bush,Billy Bush
76,Preshow hosts,4,https://en.wikipedia.org/wiki/Chris_Connelly_(reporter),Chris Connelly
76,Preshow hosts,4,https://en.wikipedia.org/wiki/Maria_Menounos,Maria Menounos
76,Produced by,5,https://en.wikipedia.org/wiki/Joe_Roth,Joe Roth
76,Directed by,6,https://en.wikipedia.org/wiki/Louis_J._Horvitz,Louis J. Horvitz
76,Duration,11,,"3 hours, 45 minutes"
77,Poster,0,,https://upload.wikimedia.org/wikipedia/en/thumb/c/cf/Oscars2004.JPG/220px-Oscars2004.JPG
77,Date,1,,27 February 2005
77,Site,2,https://en.wikipedia.org/wiki/Kodak_Theatre,Kodak Theatre
77,Site,2,https://en.wikipedia.org/wiki/Hollywood,Hollywood
77,Site,2,https://en.wikipedia.org/wiki/Los_Angeles,Los Angeles
77,Site,2,,"California, U.S."
77,Hosted by,3,https://en.wikipedia.org/wiki/Chris_Rock,Chris Rock
77,Preshow hosts,4,https://en.wikipedia.org/wiki/Billy_Bush,Billy Bush
77,Preshow hosts,4,https://en.wikipedia.org/wiki/Jann_Carl,Jann Carl
77,Preshow hosts,4,https://en.wikipedia.org/wiki/Chris_Connelly_(reporter),Chris Connelly
77,Preshow hosts,4,https://en.wikipedia.org/wiki/Shaun_Robinson,Shaun Robinson
77,Produced by,5,https://en.wikipedia.org/wiki/Gilbert_Cates,Gil Cates
77,Directed by,6,https://en.wikipedia.org/wiki/Louis_J._Horvitz,Louis J. Horvitz
77,Duration,11,,"3 hours, 14 minutes"
78,Poster,0,,https://upload.wikimedia.org/wikipedia/en/7/71/78th_Academy_Awards.jpg
78,Date,1,,05 March 2006
78,Site,2,https://en.wikipedia.org/wiki/Kodak_Theatre,Kodak Theatre
78,Site,2,https://en.wikipedia.org/wiki/Hollywood,Hollywood
78,Site,2,https://en.wikipedia.org/wiki/Los_Angeles,Los Angeles
78,Site,2,,"California, U.S."
78,Hosted by,3,https://en.wikipedia.org/wiki/Jon_Stewart,Jon Stewart
78,Preshow hosts,4,https://en.wikipedia.org/wiki/Billy_Bush,Billy Bush
78,Preshow hosts,4,https://en.wikipedia.org/wiki/Chris_Connelly_(reporter),Chris Connelly
78,Preshow hosts,4,,"Cynthia Garrett, and"
78,Preshow hosts,4,https://en.wikipedia.org/wiki/Vanessa_Minnillo,Vanessa Minnillo
78,Produced by,5,https://en.wikipedia.org/wiki/Gilbert_Cates,Gil Cates
78,Directed by,6,https://en.wikipedia.org/wiki/Louis_J._Horvitz,Louis J. Horvitz
78,Duration,11,,"3 hours, 33 minutes"
79,Poster,0,,https://upload.wikimedia.org/wikipedia/en/thumb/c/ce/79aa_poster_domestic.jpg/220px-79aa_poster_domestic.jpg
79,Date,1,,25 February 2007
79,Site,2,https://en.wikipedia.org/wiki/Kodak_Theatre,Kodak Theatre
79,Site,2,https://en.wikipedia.org/wiki/Hollywood,Hollywood
79,Site,2,https://en.wikipedia.org/wiki/Los_Angeles,Los Angeles
79,Site,2,,"California, U.S."
79,Hosted by,3,https://en.wikipedia.org/wiki/Ellen_DeGeneres,Ellen DeGeneres
79,Preshow hosts,4,https://en.wikipedia.org/wiki/Chris_Connelly_(journalist),Chris Connelly
79,Preshow hosts,4,https://en.wikipedia.org/wiki/Lisa_Ling,Lisa Ling
79,Preshow hosts,4,https://en.wikipedia.org/wiki/Andr%C3%A9_Leon_Talley,André Leon Talley
79,Preshow hosts,4,,Allyson Waterman
79,Produced by,5,https://en.wikipedia.org/wiki/Laura_Ziskin,Laura Ziskin
79,Directed by,6,https://en.wikipedia.org/wiki/Louis_J._Horvitz,Louis J. Horvitz
79,Duration,11,,"3 hours, 51 minutes"
80,Poster,0,,https://upload.wikimedia.org/wikipedia/en/thumb/9/97/80th_Academy_Awards_ceremony_poster.jpg/220px-80th_Academy_Awards_ceremony_poster.jpg
80,Date,1,,24 February 2008
80,Site,2,https://en.wikipedia.org/wiki/Kodak_Theatre,Kodak Theatre
80,Site,2,https://en.wikipedia.org/wiki/Hollywood,Hollywood
80,Site,2,https://en.wikipedia.org/wiki/Los_Angeles,Los Angeles
80,Site,2,,"California, U.S."
80,Hosted by,3,https://en.wikipedia.org/wiki/Jon_Stewart,Jon Stewart
80,Preshow hosts,4,https://en.wikipedia.org/wiki/Samantha_Harris,Samantha Harris
80,Preshow hosts,4,https://en.wikipedia.org/wiki/Regis_Philbin,Regis Philbin
80,Preshow hosts,4,https://en.wikipedia.org/wiki/Shaun_Robinson,Shaun Robinson
80,Produced by,5,https://en.wikipedia.org/wiki/Gilbert_Cates,Gil Cates
80,Directed by,6,https://en.wikipedia.org/wiki/Louis_J._Horvitz,Louis J. Horvitz
80,Duration,11,,"3 hours, 21 minutes"
81,Poster,0,,https://upload.wikimedia.org/wikipedia/en/thumb/7/7d/81st_Academy_Awards_poster.jpg/220px-81st_Academy_Awards_poster.jpg
81,Date,1,,22 February 2009
81,Site,2,https://en.wikipedia.org/wiki/Dolby_Theatre,Kodak Theatre
81,Site,2,https://en.wikipedia.org/wiki/Hollywood,Hollywood
81,Site,2,https://en.wikipedia.org/wiki/Los_Angeles,Los Angeles
81,Site,2,https://en.wikipedia.org/wiki/California,California
81,Site,2,,United States
81,Hosted by,3,https://en.wikipedia.org/wiki/Hugh_Jackman,Hugh Jackman
81,Preshow hosts,4,,Jess Cagle
81,Preshow hosts,4,https://en.wikipedia.org/wiki/Tim_Gunn,Tim Gunn
81,Preshow hosts,4,https://en.wikipedia.org/wiki/Robin_Roberts_(sportscaster),Robin Roberts
81,Produced by,5,https://en.wikipedia.org/wiki/Bill_Condon,Bill Condon
81,Produced by,5,https://en.wikipedia.org/wiki/Laurence_Mark,Laurence Mark
81,Directed by,6,https://en.wikipedia.org/wiki/Roger_Goodman_(director),Roger Goodman
81,Duration,11,,"3 hours, 30 minutes"
82,Poster,0,,https://upload.wikimedia.org/wikipedia/en/thumb/5/5c/82nd_Academy_Awards_poster.jpg/220px-82nd_Academy_Awards_poster.jpg
82,Date,1,,07 March 2010
82,Site,2,https://en.wikipedia.org/wiki/Kodak_Theatre,Kodak Theatre
82,Site,2,https://en.wikipedia.org/wiki/Hollywood,Hollywood
82,Site,2,https://en.wikipedia.org/wiki/Los_Angeles,Los Angeles
82,Site,2,,"California, U.S."
82,Hosted by,3,https://en.wikipedia.org/wiki/Alec_Baldwin,Alec Baldwin
82,Hosted by,3,https://en.wikipedia.org/wiki/Steve_Martin,Steve Martin
82,Preshow hosts,4,,Jess Cagle
82,Preshow hosts,4,https://en.wikipedia.org/wiki/Kathy_Ireland,Kathy Ireland
82,Preshow hosts,4,https://en.wikipedia.org/wiki/Sherri_Shepherd,Sherri Shepherd
82,Produced by,5,https://en.wikipedia.org/wiki/Bill_Mechanic,Bill Mechanic
82,Produced by,5,https://en.wikipedia.org/wiki/Adam_Shankman,Adam Shankman
82,Directed by,6,https://en.wikipedia.org/wiki/Hamish_Hamilton_(director),Hamish Hamilton
82,Duration,11,,"3 hours, 37 minutes"
83,Poster,0,,https://upload.wikimedia.org/wikipedia/en/thumb/a/ac/83rd_Academy_Awards_poster.jpg/220px-83rd_Academy_Awards_poster.jpg
83,Date,1,,27 February 2011
83,Site,2,https://en.wikipedia.org/wiki/Dolby_Theatre,Kodak Theatre
83,Site,2,https://en.wikipedia.org/wiki/Hollywood,Hollywood
83,Site,2,https://en.wikipedia.org/wiki/Los_Angeles,Los Angeles
83,Site,2,,"California, U.S."
83,Hosted by,3,https://en.wikipedia.org/wiki/James_Franco,James Franco
83,Hosted by,3,https://en.wikipedia.org/wiki/Anne_Hathaway,Anne Hathaway
83,Preshow hosts,4,https://en.wikipedia.org/wiki/Tim_Gunn,Tim Gunn
83,Preshow hosts,4,https://en.wikipedia.org/wiki/Maria_Menounos,Maria Menounos
83,Preshow hosts,4,https://en.wikipedia.org/wiki/Robin_Roberts_(newscaster),Robin Roberts
83,Preshow hosts,4,,Krista Smith
83,Produced by,5,https://en.wikipedia.org/wiki/Bruce_Cohen,Bruce Cohen
83,Produced by,5,https://en.wikipedia.org/wiki/Don_Mischer,Don Mischer
83,Directed by,6,,Don Mischer
83,Duration,11,,"3 hours, 16 minutes"
84,Poster,0,,https://upload.wikimedia.org/wikipedia/en/thumb/d/d1/84th_Academy_Awards_Poster.png/220px-84th_Academy_Awards_Poster.png
84,Date,1,,26 February 2012
84,Site,2,https://en.wikipedia.org/wiki/Dolby_Theatre,Hollywood and Highland Center Theatre
84,Site,2,https://en.wikipedia.org/wiki/Hollywood,Hollywood
84,Site,2,https://en.wikipedia.org/wiki/Los_Angeles,Los Angeles
84,Site,2,,"California, U.S."
84,Hosted by,3,https://en.wikipedia.org/wiki/Billy_Crystal,Billy Crystal
84,Preshow hosts,4,,Jess Cagle
84,Preshow hosts,4,https://en.wikipedia.org/wiki/Nina_Garc%C3%ADa,Nina García
84,Preshow hosts,4,https://en.wikipedia.org/wiki/Tim_Gunn,Tim Gunn
84,Preshow hosts,4,https://en.wikipedia.org/wiki/Robin_Roberts_(sportscaster),Robin Roberts
84,Preshow hosts,4,https://en.wikipedia.org/wiki/Louise_Roe,Louise Roe
84,Produced by,5,https://en.wikipedia.org/wiki/Brian_Grazer,Brian Grazer
84,Produced by,5,https://en.wikipedia.org/wiki/Don_Mischer,Don Mischer
84,Directed by,6,https://en.wikipedia.org/wiki/Don_Mischer,Don Mischer
84,Duration,11,,"3 hours, 13 minutes"
85,Poster,0,,https://upload.wikimedia.org/wikipedia/en/thumb/0/07/85th_Oscars.jpg/220px-85th_Oscars.jpg
85,Date,1,,24 February 2013
85,Site,2,https://en.wikipedia.org/wiki/Dolby_Theatre,Dolby Theatre
85,Site,2,https://en.wikipedia.org/wiki/Hollywood,Hollywood
85,Site,2,,"Los Angeles, United States"
85,Hosted by,3,https://en.wikipedia.org/wiki/Seth_MacFarlane,Seth MacFarlane
85,Preshow hosts,4,,Jess Cagle
85,Preshow hosts,4,https://en.wikipedia.org/wiki/Kristin_Chenoweth,Kristin Chenoweth
85,Preshow hosts,4,https://en.wikipedia.org/wiki/Kelly_Rowland,Kelly Rowland
85,Preshow hosts,4,https://en.wikipedia.org/wiki/Robin_Roberts_(newscaster),Robin Roberts
85,Preshow hosts,4,https://en.wikipedia.org/wiki/Lara_Spencer,Lara Spencer
85,Produced by,5,https://en.wikipedia.org/wiki/Neil_Meron,Neil Meron
85,Produced by,5,https://en.wikipedia.org/wiki/Craig_Zadan,Craig Zadan
85,Directed by,6,https://en.wikipedia.org/wiki/Don_Mischer,Don Mischer
85,Duration,11,,"3 hours, 35 minutes"
86,Poster,0,,https://upload.wikimedia.org/wikipedia/en/thumb/c/c2/86th_Academy_Awards_poster.jpg/220px-86th_Academy_Awards_poster.jpg
86,Date,1,,02 March 2014
86,Site,2,https://en.wikipedia.org/wiki/Dolby_Theatre,Dolby Theatre
86,Site,2,https://en.wikipedia.org/wiki/Hollywood,Hollywood
86,Site,2,https://en.wikipedia.org/wiki/Los_Angeles,Los Angeles
86,Site,2,,"California, U.S."
86,Hosted by,3,https://en.wikipedia.org/wiki/Ellen_DeGeneres,Ellen DeGeneres
86,Preshow hosts,4,,Jess Cagle
86,Preshow hosts,4,https://en.wikipedia.org/wiki/Lara_Spencer,Lara Spencer
86,Preshow hosts,4,https://en.wikipedia.org/wiki/Robin_Roberts_(newscaster),Robin Roberts
86,Preshow hosts,4,https://en.wikipedia.org/wiki/Tyson_Beckford,Tyson Beckford
86,Produced by,5,https://en.wikipedia.org/wiki/Neil_Meron,Neil Meron
86,Produced by,5,https://en.wikipedia.org/wiki/Craig_Zadan,Craig Zadan
86,Directed by,6,https://en.wikipedia.org/wiki/Hamish_Hamilton_(director),Hamish Hamilton
86,Duration,11,,"3 hours, 34 minutes"
87,Poster,0,,https://upload.wikimedia.org/wikipedia/en/thumb/9/9e/87th_Oscars.png/220px-87th_Oscars.png
87,Date,1,,22 February 2015
87,Site,2,https://en.wikipedia.org/wiki/Dolby_Theatre,Dolby Theatre
87,Site,2,https://en.wikipedia.org/wiki/Hollywood,Hollywood
87,Site,2,https://en.wikipedia.org/wiki/Los_Angeles,Los Angeles
87,Site,2,,"California, U.S."
87,Hosted by,3,https://en.wikipedia.org/wiki/Neil_Patrick_Harris,Neil Patrick Harris
87,Preshow hosts,4,,Jess Cagle
87,Preshow hosts,4,https://en.wikipedia.org/wiki/Robin_Roberts_(newscaster),Robin Roberts
87,Preshow hosts,4,https://en.wikipedia.org/wiki/Lara_Spencer,Lara Spencer
87,Preshow hosts,4,https://en.wikipedia.org/wiki/Michael_Strahan,Michael Strahan
87,Preshow hosts,4,https://en.wikipedia.org/wiki/Joe_Zee,Joe Zee
87,Produced by,5,https://en.wikipedia.org/wiki/Neil_Meron,Neil Meron
87,Produced by,5,https://en.wikipedia.org/wiki/Craig_Zadan,Craig Zadan
87,Directed by,6,https://en.wikipedia.org/wiki/Hamish_Hamilton_(director),Hamish Hamilton
87,Duration,11,,"3 hours, 43 minutes"
88,Poster,0,,https://upload.wikimedia.org/wikipedia/en/thumb/1/1a/Oscars_poster_2016.jpg/220px-Oscars_poster_2016.jpg
88,Date,1,,28 February 2016
88,Site,2,https://en.wikipedia.org/wiki/Dolby_Theatre,Dolby Theatre
88,Site,2,https://en.wikipedia.org/wiki/Hollywood,Hollywood
88,Site,2,https://en.wikipedia.org/wiki/Los_Angeles,Los Angeles
88,Site,2,,"California, U.S."
88,Hosted by,3,https://en.wikipedia.org/wiki/Chris_Rock,Chris Rock
88,Preshow hosts,4,,Jess Cagle
88,Preshow hosts,4,https://en.wikipedia.org/wiki/Amy_Robach,Amy Robach
88,Preshow hosts,4,https://en.wikipedia.org/wiki/Robin_Roberts_(newscaster),Robin Roberts
88,Preshow hosts,4,https://en.wikipedia.org/wiki/Lara_Spencer,Lara Spencer
88,Preshow hosts,4,https://en.wikipedia.org/wiki/Michael_Strahan,Michael Strahan
88,Preshow hosts,4,https://en.wikipedia.org/wiki/Joe_Zee,Joe Zee
88,Produced by,5,https://en.wikipedia.org/wiki/David_Hill_(producer),David Hill
88,Produced by,5,https://en.wikipedia.org/wiki/Reginald_Hudlin,Reginald Hudlin
88,Directed by,6,https://en.wikipedia.org/wiki/Glenn_Weiss,Glenn Weiss
88,Duration,11,,"3 hours, 37 minutes"
89,Poster,0,,https://upload.wikimedia.org/wikipedia/en/thumb/e/e8/2017_Oscars_poster.jpg/220px-2017_Oscars_poster.jpg
89,Date,1,,26 February 2017
89,Site,2,https://en.wikipedia.org/wiki/Dolby_Theatre,Dolby Theatre
89,Site,2,"https://en.wikipedia.org/wiki/Hollywood,_Los_Angeles,_California","Hollywood, Los Angeles, California"
89,Site,2,https://en.wikipedia.org/wiki/United_States,U.S.
89,Hosted by,3,https://en.wikipedia.org/wiki/Jimmy_Kimmel,Jimmy Kimmel
89,Preshow hosts,4,,Jess Cagle
89,Preshow hosts,4,https://en.wikipedia.org/wiki/Robin_Roberts_(newscaster),Robin Roberts
89,Preshow hosts,4,https://en.wikipedia.org/wiki/Lara_Spencer,Lara Spencer
89,Preshow hosts,4,https://en.wikipedia.org/wiki/Michael_Strahan,Michael Strahan
89,Preshow hosts,4,https://en.wikipedia.org/wiki/Nina_Garc%C3%ADa,Nina García
89,Preshow hosts,4,,Krista Smith
89,Produced by,5,https://en.wikipedia.org/wiki/Michael_De_Luca,Michael De Luca
89,Produced by,5,https://en.wikipedia.org/wiki/Jennifer_Todd,Jennifer Todd
89,Directed by,6,https://en.wikipedia.org/wiki/Glenn_Weiss,Glenn Weiss
89,Duration,11,,"3 hours, 49 minutes"
